USE AlignPrivate;

# Insert Students Table
INSERT INTO Students (
	NeuId, Email, FirstName, LastName, Gender, F1Visa, Age, Phone, Address, State, Zip,
    EnrollmentStatus, Campus, DegreeCandidacy, Photo)
    VALUES (
    001234567, "kwan.d@husky.neu.edu", "Daniel", "Kwan", 'M', TRUE, 25, "2061111111",
    "123 Meridian Ave N Apt 123", "WA", "98125", "FULL_TIME", "SEATTLE", "MASTERS", 
    "https://lh3.googleusercontent.com/dij0oU7JFwwSMQAgR3wpQHerTMG1mECpm6BdUYKSyCalYZM3dbMgNrHgJ-krY_i7hwIJ=w300"
);
    
INSERT INTO Students (
	NeuId, Email, FirstName, LastName, Gender, F1Visa, Age, Phone, Address, State, Zip,
    EnrollmentStatus, Campus, DegreeCandidacy, Photo)
    VALUES (
    001234543, "doe.j@husky.neu.edu", "John", "Doe", 'M', TRUE, 22, "2062222222",
    "321 Meridian Ave N Apt 333", "WA", "98125", "FULL_TIME", "SEATTLE", "PHD", 
    "https://lh3.googleusercontent.com/dij0oU7JFwwSMQAgR3wpQHerTMG1mECpm6BdUYKSyCalYZM3dbMgNrHgJ-krY_i7hwIJ=w300"
);

INSERT INTO Students (
	NeuId, Email, FirstName, LastName, Gender, F1Visa, Age, Phone, Address, State, Zip,
    EnrollmentStatus, Campus, DegreeCandidacy, Photo)
    VALUES (
    111234544, "marks.j@husky.neu.edu", "James", "Marks", 'M', FALSE, 23, "2062223333",
    "321 Flying Ave N Apt 333", "MA", "98404", "PART_TIME", "BOSTON", "MASTERS", 
    "https://lh3.googleusercontent.com/dij0oU7JFwwSMQAgR3wpQHerTMG1mECpm6BdUYKSyCalYZM3dbMgNrHgJ-krY_i7hwIJ=w300"
);

INSERT INTO Students (
	NeuId, Email, FirstName, LastName, Gender, F1Visa, Age, Phone, Address, State, Zip,
    EnrollmentStatus, Campus, DegreeCandidacy, Photo)
    VALUES (
    111234545, "ashley.fields@husky.neu.edu", "Ashley", "Fields", 'F', TRUE, 23, "2062223334",
    "333 Coastal Ave N Apt 111", "NC", "98321", "FULL_TIME", "CHARLOTTE", "PHD", 
    "https://lh3.googleusercontent.com/dij0oU7JFwwSMQAgR3wpQHerTMG1mECpm6BdUYKSyCalYZM3dbMgNrHgJ-krY_i7hwIJ=w300"
);

INSERT INTO Students (
	NeuId, Email, FirstName, LastName, Gender, F1Visa, Age, Phone, Address, State, Zip,
    EnrollmentStatus, Campus, DegreeCandidacy, Photo)
    VALUES (
    111234546, "huang.c@husky.neu.edu", "Christie", "Huang", 'F', FALSE, 23, "2062223344",
    "321 Mango Ave N Apt 333", "CA", "98401", "PART_TIME", "SILICON_VALLEY", "MASTERS", 
    "https://lh3.googleusercontent.com/dij0oU7JFwwSMQAgR3wpQHerTMG1mECpm6BdUYKSyCalYZM3dbMgNrHgJ-krY_i7hwIJ=w300"
);

INSERT INTO Students (
	NeuId, Email, FirstName, LastName, Gender, F1Visa, Age, Phone, Address, State, Zip,
    EnrollmentStatus, Campus, DegreeCandidacy, Photo)
    VALUES (
    111234547, "cotton.t@husky.neu.edu", "Tony", "Cotton", 'M', FALSE, 23, "2062223335",
    "322 Flying Ave N Apt 223", "WA", "98105", "FULL_TIME", "SEATTLE", "PHD", 
    "https://lh3.googleusercontent.com/dij0oU7JFwwSMQAgR3wpQHerTMG1mECpm6BdUYKSyCalYZM3dbMgNrHgJ-krY_i7hwIJ=w300"
);

INSERT INTO Students (
	NeuId, Email, FirstName, LastName, Gender, F1Visa, Age, Phone, Address, State, Zip,
    EnrollmentStatus, Campus, DegreeCandidacy, Photo)
    VALUES (
    211234548, "rachel.j@husky.neu.edu", "Rachel", "Joanne", 'F', FALSE, 26, "2062223336",
    "321 Mango Ave N Apt 333", "CA", "98401", "PART_TIME", "SILICON_VALLEY", "MASTERS", 
    "https://lh3.googleusercontent.com/dij0oU7JFwwSMQAgR3wpQHerTMG1mECpm6BdUYKSyCalYZM3dbMgNrHgJ-krY_i7hwIJ=w300"
);

INSERT INTO Students (
	NeuId, Email, FirstName, LastName, Gender, F1Visa, Age, Phone, Address, State, Zip,
    EnrollmentStatus, Campus, DegreeCandidacy, Photo)
    VALUES (
    211234549, "ferguson.c@husky.neu.edu", "Charles", "Ferguson", 'M', FALSE, 26, "2062223386",
    "321 Coastal Ave N", "NC", "98331", "FULL_TIME", "CHARLOTTE", "PHD", 
    "https://lh3.googleusercontent.com/dij0oU7JFwwSMQAgR3wpQHerTMG1mECpm6BdUYKSyCalYZM3dbMgNrHgJ-krY_i7hwIJ=w300"
);

INSERT INTO Students (
	NeuId, Email, FirstName, LastName, Gender, F1Visa, Age, Phone, Address, State, Zip,
    EnrollmentStatus, Campus, DegreeCandidacy, Photo)
    VALUES (
    211232248, "sarahcoast@husky.neu.edu", "Sarah", "Coast", 'F', TRUE, 26, "2062223436",
    "321 Mango Ave N Apt 323", "CA", "98401", "PART_TIME", "SILICON_VALLEY", "MASTERS", 
    "https://lh3.googleusercontent.com/dij0oU7JFwwSMQAgR3wpQHerTMG1mECpm6BdUYKSyCalYZM3dbMgNrHgJ-krY_i7hwIJ=w300"
);

INSERT INTO Students (
	NeuId, Email, FirstName, LastName, Gender, F1Visa, Age, Phone, Address, State, Zip,
    EnrollmentStatus, Campus, DegreeCandidacy, Photo)
    VALUES (
    211234550, "alvin.straws@husky.neu.edu", "Alvin", "Straws", 'F', FALSE, 26, "2062223356",
    "321 Sturgus Ave N Apt 333", "WA", "98321", "PART_TIME", "SEATTLE", "MASTERS", 
    "https://lh3.googleusercontent.com/dij0oU7JFwwSMQAgR3wpQHerTMG1mECpm6BdUYKSyCalYZM3dbMgNrHgJ-krY_i7hwIJ=w300"
);

# Insert Institutions Table
INSERT INTO Institutions (InstitutionName) VALUES ("University of Washington");
INSERT INTO Institutions (InstitutionName) VALUES ("Stanford University");
INSERT INTO Institutions (InstitutionName) VALUES ("University of California - Berkeley");
INSERT INTO Institutions (InstitutionName) VALUES ("University of California - Los Angeles");
INSERT INTO Institutions (InstitutionName) VALUES ("Massachusetts Institute of Technology");
INSERT INTO Institutions (InstitutionName) VALUES ("Harvard University");

# Insert Majors Table
INSERT INTO Majors (Major) VALUES ("Computer Science");
INSERT INTO Majors (Major) VALUES ("Accounting");
INSERT INTO Majors (Major) VALUES ("English");

# Insert CurrentMajors Table
INSERT INTO CurrentMajors (NeuId, MajorId) VALUES (001234567, 1);
INSERT INTO CurrentMajors (NeuId, MajorId) VALUES (001234543, 1);
INSERT INTO CurrentMajors (NeuId, MajorId) VALUES (111234544, 1);
INSERT INTO CurrentMajors (NeuId, MajorId) VALUES (111234545, 1);
INSERT INTO CurrentMajors (NeuId, MajorId) VALUES (111234546, 1);
INSERT INTO CurrentMajors (NeuId, MajorId) VALUES (111234547, 1);
INSERT INTO CurrentMajors (NeuId, MajorId) VALUES (211234548, 1);
INSERT INTO CurrentMajors (NeuId, MajorId) VALUES (211234549, 1);
INSERT INTO CurrentMajors (NeuId, MajorId) VALUES (211232248, 1);
INSERT INTO CurrentMajors (NeuId, MajorId) VALUES (211234550, 1);

# Insert PriorEducations Table
INSERT INTO PriorEducations (NeuId, InstitutionId, MajorId, GraduationDate, Gpa, DegreeCandidacy)
	VALUES (001234567, 1, 1, "2019-05-04", 3.50, "BACHELORS");
INSERT INTO PriorEducations (NeuId, InstitutionId, MajorId, GraduationDate, Gpa, DegreeCandidacy)
	VALUES (001234543, 2, 2, "2019-05-04", 3.50, "BACHELORS");
INSERT INTO PriorEducations (NeuId, InstitutionId, MajorId, GraduationDate, Gpa, DegreeCandidacy)
	VALUES (111234544, 3, 3, "2019-05-04", 3.50, "BACHELORS");
INSERT INTO PriorEducations (NeuId, InstitutionId, MajorId, GraduationDate, Gpa, DegreeCandidacy)
	VALUES (111234545, 4, 1, "2019-05-04", 3.50, "BACHELORS");
INSERT INTO PriorEducations (NeuId, InstitutionId, MajorId, GraduationDate, Gpa, DegreeCandidacy)
	VALUES (111234546, 1, 2, "2019-05-04", 3.50, "BACHELORS");
INSERT INTO PriorEducations (NeuId, InstitutionId, MajorId, GraduationDate, Gpa, DegreeCandidacy)
	VALUES (111234547, 2, 3, "2019-05-04", 3.50, "BACHELORS");
INSERT INTO PriorEducations (NeuId, InstitutionId, MajorId, GraduationDate, Gpa, DegreeCandidacy)
	VALUES (211234548, 3, 1, "2019-05-04", 3.50, "BACHELORS");
INSERT INTO PriorEducations (NeuId, InstitutionId, MajorId, GraduationDate, Gpa, DegreeCandidacy)
	VALUES (211234549, 4, 2, "2019-05-04", 3.50, "BACHELORS");
INSERT INTO PriorEducations (NeuId, InstitutionId, MajorId, GraduationDate, Gpa, DegreeCandidacy)
	VALUES (211232248, 1, 3, "2019-05-04", 3.50, "BACHELORS");
INSERT INTO PriorEducations (NeuId, InstitutionId, MajorId, GraduationDate, Gpa, DegreeCandidacy)
	VALUES (211234550, 2, 1, "2019-05-04", 3.50, "BACHELORS");

# Insert Courses Table
INSERT INTO Courses (CourseId, CourseName, Description)
	VALUES ("CS5200", "Database Management Systems", 
    "Introduces relational database management systems as a class of software systems. 
Prepares students to be sophisticated users of database management systems. 
Covers design theory, query language, and performance/tuning issues. 
Topics include relational algebra, SQL, stored procedures, user-defined functions, cursors, 
embedded SQL programs, client-server interfaces, entity-relationship diagrams, 
normalization, B-trees, concurrency, transactions, database security, constraints, 
object-relational DBMSs, and specialized engines such as spatial, text, XML conversion, 
and time series. Includes exercises using a commercial relational or object-relational 
database management system.");

INSERT INTO Courses (CourseId, CourseName, Description)
	VALUES ("CS6140", "Machine Learning",
    "Provides a broad look at a variety of techniques used in machine learning and data mining
, and also examines issues associated with their use. Topics include algorithms for supervised 
learning including decision tree induction, artificial neural networks, instance-based learning, 
probabilistic methods, and support vector machines; unsupervised learning; and reinforcement learning. 
Also covers computational learning theory and other methods for analyzing and measuring the performance 
of learning algorithms. Course work includes a programming term project.");

INSERT INTO Courses (CourseId, CourseName, Description)
	VALUES ("CS5610", "Web Development",
    "Discusses Web development for sites that are dynamic, data driven, and interactive. 
Focuses on the software development issues of integrating multiple languages, assorted data technologies, 
and Web interaction. Considers ASP.NET, C#, HTTP, HTML, CSS, XML, XSLT, JavaScript, AJAX, RSS/Atom, 
SQL, and Web services. Each student must deploy individually designed Web experiments that illustrate the 
Web technologies and at least one major integrative Web site project. Students may work in teams with the 
permission of the instructor. Each student or team must also create extensive documentation of their goals, 
plans, design decisions, accomplishments, and user guidelines. All source files must be open and be 
automatically served by a sources server.");

# Insert Terms Table
INSERT INTO Terms (Term, TermYear, TermType) VALUES ("SPRING", 2015, "SEMESTER");
INSERT INTO Terms (Term, TermYear, TermType) VALUES ("SUMMER", 2015, "SEMESTER");
INSERT INTO Terms (Term, TermYear, TermType) VALUES ("FALL", 2015, "SEMESTER");
INSERT INTO Terms (Term, TermYear, TermType) VALUES ("SPRING", 2016, "SEMESTER");
INSERT INTO Terms (Term, TermYear, TermType) VALUES ("SUMMER", 2016, "SEMESTER");
INSERT INTO Terms (Term, TermYear, TermType) VALUES ("FALL", 2016, "SEMESTER");
INSERT INTO Terms (Term, TermYear, TermType) VALUES ("SPRING", 2017, "SEMESTER");
INSERT INTO Terms (Term, TermYear, TermType) VALUES ("SUMMER", 2017, "SEMESTER");
INSERT INTO Terms (Term, TermYear, TermType) VALUES ("FALL", 2017, "SEMESTER");
INSERT INTO Terms (Term, TermYear, TermType) VALUES ("SPRING", 2018, "SEMESTER");
INSERT INTO Terms (Term, TermYear, TermType) VALUES ("SUMMER", 2018, "SEMESTER");
INSERT INTO Terms (Term, TermYear, TermType) VALUES ("FALL", 2018, "SEMESTER");
INSERT INTO Terms (Term, TermYear, TermType) VALUES ("SPRING", 2019, "SEMESTER");
INSERT INTO Terms (Term, TermYear, TermType) VALUES ("SUMMER", 2019, "SEMESTER");
INSERT INTO Terms (Term, TermYear, TermType) VALUES ("FALL", 2019, "SEMESTER");

# Insert EntryTerms Table
INSERT INTO EntryTerms (NeuId, TermId) VALUES (001234567, 1);
INSERT INTO EntryTerms (NeuId, TermId) VALUES (001234543, 2);
INSERT INTO EntryTerms (NeuId, TermId) VALUES (111234544, 3);
INSERT INTO EntryTerms (NeuId, TermId) VALUES (111234545, 4);
INSERT INTO EntryTerms (NeuId, TermId) VALUES (111234546, 5);
INSERT INTO EntryTerms (NeuId, TermId) VALUES (111234547, 6);
INSERT INTO EntryTerms (NeuId, TermId) VALUES (211234548, 1);
INSERT INTO EntryTerms (NeuId, TermId) VALUES (211234549, 2);
INSERT INTO EntryTerms (NeuId, TermId) VALUES (211232248, 3);
INSERT INTO EntryTerms (NeuId, TermId) VALUES (211234550, 4);

# Insert ExpectedLastTerms Table
INSERT INTO ExpectedLastTerms (NeuId, TermId) VALUES (001234567, 7);
INSERT INTO ExpectedLastTerms (NeuId, TermId) VALUES (001234543, 8);
INSERT INTO ExpectedLastTerms (NeuId, TermId) VALUES (111234544, 9);
INSERT INTO ExpectedLastTerms (NeuId, TermId) VALUES (111234545, 10);
INSERT INTO ExpectedLastTerms (NeuId, TermId) VALUES (111234546, 11);
INSERT INTO ExpectedLastTerms (NeuId, TermId) VALUES (111234547, 12);
INSERT INTO ExpectedLastTerms (NeuId, TermId) VALUES (211234548, 7);
INSERT INTO ExpectedLastTerms (NeuId, TermId) VALUES (211234549, 8);
INSERT INTO ExpectedLastTerms (NeuId, TermId) VALUES (211232248, 9);
INSERT INTO ExpectedLastTerms (NeuId, TermId) VALUES (211234550, 10);

# Insert Electives Table
INSERT INTO Electives (NeuId, CourseId, TermId, Gpa) VALUES (001234567, "CS5200", 1, 3.6667);
INSERT INTO Electives (NeuId, CourseId, TermId, Gpa) VALUES (001234543, "CS5200", 2, 3.6667);
INSERT INTO Electives (NeuId, CourseId, TermId, Gpa) VALUES (111234544, "CS5200", 3, 3.6667);
INSERT INTO Electives (NeuId, CourseId, TermId, Gpa) VALUES (111234545, "CS5200", 4, 3.6667);
INSERT INTO Electives (NeuId, CourseId, TermId, Gpa) VALUES (111234546, "CS5200", 5, 3.6667);
INSERT INTO Electives (NeuId, CourseId, TermId, Gpa) VALUES (111234547, "CS6140", 6, 3.6667);
INSERT INTO Electives (NeuId, CourseId, TermId, Gpa) VALUES (211234548, "CS6140", 1, 3.6667);
INSERT INTO Electives (NeuId, CourseId, TermId, Gpa) VALUES (211234549, "CS6140", 2, 3.6667);
INSERT INTO Electives (NeuId, CourseId, TermId, Gpa) VALUES (211232248, "CS5610", 3, 3.6667);
INSERT INTO Electives (NeuId, CourseId, TermId, Gpa, Plagiarism) VALUES (211234550, "CS5610", 4, 3.6667, TRUE);

# Insert Experiences Table
INSERT INTO Experiences (NeuId, Title, Description) VALUES (001234567, "Angular 2 Conference", "Learn how to use angular 2 in web development");
INSERT INTO Experiences (NeuId, Title, Description) VALUES (001234543, "Angular 4 Conference", "Learn how to use angular 4 in web development");
INSERT INTO Experiences (NeuId, Title, Description) VALUES (111234544, "Angular 4 Conference", "Learn how to use angular 4 in web development");
INSERT INTO Experiences (NeuId, Title, Description) VALUES (111234545, "Angular 2 Conference", "Learn how to use angular 2 in web development");
INSERT INTO Experiences (NeuId, Title, Description) VALUES (111234546, "Angular 2 Conference", "Learn how to use angular 2 in web development");
INSERT INTO Experiences (NeuId, Title, Description) VALUES (111234547, "Angular 2 Conference", "Learn how to use angular 2 in web development");
INSERT INTO Experiences (NeuId, Title, Description) VALUES (211234548, "Angular 2 Conference", "Learn how to use angular 2 in web development");
INSERT INTO Experiences (NeuId, Title, Description) VALUES (211234549, "Angular 2 Conference", "Learn how to use angular 2 in web development");
INSERT INTO Experiences (NeuId, Title, Description) VALUES (211232248, "Angular 2 Conference", "Learn how to use angular 2 in web development");
INSERT INTO Experiences (NeuId, Title, Description) VALUES (211234550, "React Conference", "Learn how to use react in web development");

# Insert Companies Table
INSERT INTO Companies (CompanyName) VALUES ("Amazon");
INSERT INTO Companies (CompanyName) VALUES ("Apple");
INSERT INTO Companies (CompanyName) VALUES ("Microsoft");
INSERT INTO Companies (CompanyName) VALUES ("Google");
INSERT INTO Companies (CompanyName) VALUES ("Facebook");

# Insert WorkExperiences Table
INSERT INTO WorkExperiences (NeuId, CompanyId, StartDate, EndDate, CurrentJob, Title, Description)
	VALUES (001234567, 1, "2017-07-03", "2017-10-03", FALSE, "Software Engineer I", "Develop the backend-service");
INSERT INTO WorkExperiences (NeuId, CompanyId, StartDate, EndDate, CurrentJob, Title, Description)
	VALUES (001234543, 2, "2017-07-03", "2017-10-03", FALSE, "Software Engineer I", "Develop the backend-service");
INSERT INTO WorkExperiences (NeuId, CompanyId, StartDate, EndDate, CurrentJob, Title, Description)
	VALUES (111234544, 3, "2017-07-03", "2017-10-03", FALSE, "Software Engineer I", "Develop the backend-service");
INSERT INTO WorkExperiences (NeuId, CompanyId, StartDate, EndDate, CurrentJob, Title, Description)
	VALUES (111234545, 4, "2017-07-03", "2017-10-03", FALSE, "Software Engineer I", "Develop the backend-service");
INSERT INTO WorkExperiences (NeuId, CompanyId, StartDate, EndDate, CurrentJob, Title, Description)
	VALUES (111234546, 5, "2017-07-03", "2017-10-03", FALSE, "Software Engineer I", "Develop the backend-service");
INSERT INTO WorkExperiences (NeuId, CompanyId, StartDate, CurrentJob, Title, Description)
	VALUES (001234567, 4, "2018-01-03", TRUE, "Software Engineer I", "Develop the backend-service");

# Insert Administrators Table
INSERT INTO Administrators (AdministratorNeuId, Email, FirstName, MiddleName, LastName)
	VALUES (123456789, "clintbarton@husky.neu.edu", "Clint", "Steele", "Barton");
INSERT INTO Administrators (AdministratorNeuId, Email, FirstName, LastName)
	VALUES (987654321, "sred@husky.neu.edu", "Scarlet", "Green");

# Insert AdministratorNotes Table
INSERT INTO AdministratorNotes (NeuId, AdministratorNeuId, Title, Description)
	VALUES (001234567, 123456789, "F-1 Out of Status", "F-1 Has been expired in Dec 2017");
INSERT INTO AdministratorNotes (NeuId, AdministratorNeuId, Title, Description)
	VALUES (111234544, 987654321, "Additional Scholarhip", "This Student gets an additional scholarhip of $37,000.00 for 2018");
    
# Insert Privacies Table
INSERT INTO Privacies (NeuId) VALUES (001234567);
INSERT INTO Privacies (NeuId) VALUES (001234543);
INSERT INTO Privacies (NeuId) VALUES (111234544);
INSERT INTO Privacies (NeuId) VALUES (111234545);
INSERT INTO Privacies (NeuId) VALUES (111234546);
INSERT INTO Privacies (NeuId) VALUES (111234547);
INSERT INTO Privacies (NeuId) VALUES (211234548);
INSERT INTO Privacies (NeuId) VALUES (211234549);
INSERT INTO Privacies (NeuId) VALUES (211232248);
INSERT INTO Privacies (NeuId, AgeShown) VALUES (211234550, TRUE);
